CustomerId,Surname,CreditScore,Geography,Gender,Age,Tenure,Balance,NumOfProducts,HasCrCard,IsActiveMember,EstimatedSalary,Exited
15587535,Onyemauchechukwu,450,Spain,Female,46,5,177619.71,1,1,0,54227.06,0
15813034,Martin,727,Spain,Male,38,2,62276.99,1,1,1,59280.79,0
15698839,Okwudilichukwu,460,Germany,Male,46,4,127559.97,2,1,1,126952.5,0
15790314,Onuoha,649,France,Male,41,0,0,2,0,1,130567.02,0
15634245,Muecke,758,Germany,Female,47,9,95523.16,1,1,0,73294.48,0
15677305,Hsieh,490,France,Female,35,7,107749.03,1,1,1,3937.37,0
15661526,Anderson,815,Germany,Male,37,2,110777.26,2,1,0,2383.59,0
15685997,Azubuike,838,Spain,Female,39,5,166733.92,2,1,0,14279.44,0
15660101,Nnonso,803,France,Male,31,9,157120.86,2,1,0,141300.53,0
15637979,Fuller,664,Germany,Female,36,2,127160.78,2,1,0,78140.75,0
15815364,Ashley,736,Spain,Female,28,2,0,2,1,1,117431.1,0
15647099,Ts'ui,633,France,Female,37,9,156091.97,1,1,0,72008.61,0
15625944,Buccho,664,France,Male,58,5,98668.18,1,1,1,60887.58,0
15583212,Chidozie,600,France,Female,43,5,134022.06,1,1,0,194764.83,0
15582741,Maclean,693,France,Female,35,5,124151.09,1,1,0,88705.14,1
15637876,Burns,663,Germany,Female,36,6,77253.5,1,0,0,35817.97,1
15622750,Chu,742,Germany,Female,21,1,114292.48,1,1,0,31520.4,0
15672056,Kenenna,710,Germany,Male,43,2,140080.32,3,1,1,157908.19,1
15812351,Beluchi,710,Spain,Female,27,2,135277.96,1,1,0,142200.15,0
15810864,Williamson,700,France,Female,82,2,0,2,0,1,182055.36,0
15677921,Bobrov,720,Germany,Male,60,9,115920.62,2,0,0,157552.08,1
15724296,Kerr,684,Spain,Male,41,2,119782.72,2,0,0,120284.67,0
15685329,McKenzie,531,France,Female,63,1,114715.71,1,0,1,24506.95,1
15584091,Pitts,742,Germany,Female,36,2,129748.54,2,0,0,47271.61,1
15640442,Standish,717,France,Male,31,4,129722.57,1,0,0,41176.6,0
15639314,Cartwright,589,France,Male,32,2,0,2,0,1,9468.64,0
15685320,Johnstone,767,France,Male,36,3,139180.2,1,0,0,123880.19,0
15789158,Nikitina,636,Germany,Male,49,6,113599.74,2,1,0,158887.09,1
15752137,McElroy,648,France,Male,33,7,134944,1,1,1,117036.38,0
15712551,Shen,622,Germany,Female,58,7,116922.25,1,1,0,120415.61,1
15628936,Archer,692,Spain,Male,28,9,118945.09,1,0,0,16064.25,1
15797227,Otutodilinna,754,France,Male,28,8,0,2,1,1,52615.62,0
15769974,Shih,679,Spain,Female,35,8,119182.73,1,0,0,121210.09,0
15737051,Denisov,639,France,Male,27,8,0,2,1,0,192247.35,0
15585595,Owens,774,France,Female,28,1,71264.02,2,0,1,68759.57,0
15654060,P'eng,517,France,Male,41,2,0,2,0,1,75937.47,0
15745196,Verco,571,France,Female,35,8,0,2,0,0,84569.13,0
15571221,Bergamaschi,747,Germany,Male,58,7,116313.57,1,1,1,190696.35,1
15660155,Lorenzo,792,Spain,Male,36,5,92140.15,1,0,1,67468.67,0
15605284,Outtrim,688,France,Male,26,1,0,2,1,1,104435.94,0
15694366,Hou,714,Germany,Male,42,2,177640.09,1,0,1,47166.55,0
15600739,Galkin,562,Spain,Female,35,0,0,2,1,0,119899.52,0
15653253,Pagnotto,704,Spain,Male,48,8,167997.6,1,1,1,173498.45,0
15763431,Echezonachukwu,698,France,Male,36,2,82275.35,2,1,1,93249.26,0
15643696,Young,611,France,Male,49,3,0,2,1,1,142917.54,0
15707473,Summers,850,Germany,Female,48,6,111962.99,1,1,0,111755.8,0
15769504,Munro,743,Germany,Female,34,1,131736.88,1,1,1,108543.21,0
15776807,Brennan,654,France,Male,29,1,0,1,1,0,180345.44,0
15686870,Ball,761,Germany,Male,36,8,108239.11,2,0,0,99444.02,0
15668747,Virgo,702,France,Female,46,9,98444.19,1,0,1,109563.28,0
15766908,Trevisani,488,Germany,Male,32,3,114540.38,1,1,0,92568.07,0
15570134,Padovano,683,France,Female,35,6,187530.66,2,1,1,37976.36,0
15567367,Tao,601,Germany,Female,42,9,133636.16,1,0,1,103315.74,0
15747542,Perez,605,France,Male,52,7,0,2,1,1,173952.5,0
15762238,Fraser,671,Germany,Female,44,0,84745.03,2,0,1,34673.98,0
15681554,Alley,614,Germany,Female,31,7,120599.38,2,1,1,46163.44,0
15712825,Howells,511,Spain,Female,29,9,0,2,0,1,140676.98,0
15640280,Cameron,850,France,Male,39,4,127771.35,2,0,1,151738.54,0
15756026,Hooper,790,Spain,Female,46,9,0,1,0,0,14679.81,1
15613319,Rice,793,France,Female,33,0,0,1,0,0,175544.02,0
15798906,Cox,628,France,Male,69,5,0,2,1,1,181964.6,0
15708917,Martin,598,Germany,Male,53,10,167772.96,1,1,1,136886.86,0
15778463,Ikenna,657,France,Female,37,6,95845.6,1,1,0,122218.23,0
15699430,Davide,618,France,Female,35,10,0,2,1,0,180439.75,0
15649992,Alexander,681,Spain,Male,65,7,134714.7,2,0,1,190419.81,0
15578980,Piazza,516,Spain,Female,33,3,0,2,1,1,58685.59,0
15775306,Ni,421,Germany,Male,28,8,122384.22,3,1,1,89017.38,1
15641655,Black,700,France,Female,26,2,0,2,0,0,50051.42,0
15619708,Harker,745,France,Male,25,5,157993.15,2,1,0,146041.45,0
15734565,Hughes,696,France,Male,29,8,0,2,1,0,191166.09,0
15806438,Chiabuotu,580,Germany,Female,42,2,123331.36,1,0,0,103516.08,1
15591969,Kuo,497,Spain,Male,27,9,75263.16,1,1,1,164825.04,0
15747807,Gallagher,720,France,Female,43,6,137824.03,2,1,0,172557.77,0
